{"parent":"item/generated","textures":{"layer0":"item/structure_void"},"overrides":[{"predicate":{"custom_model_data":1.0},"model":"woodenhoppers:item/oak_hopper"},{"predicate":{"custom_model_data":2.0},"model":"woodenhoppers:item/spruce_hopper"},{"predicate":{"custom_model_data":3.0},"model":"woodenhoppers:item/birch_hopper"},{"predicate":{"custom_model_data":4.0},"model":"woodenhoppers:item/jungle_hopper"},{"predicate":{"custom_model_data":5.0},"model":"woodenhoppers:item/acacia_hopper"},{"predicate":{"custom_model_data":6.0},"model":"woodenhoppers:item/dark_oak_hopper"},{"predicate":{"custom_model_data":7.0},"model":"woodenhoppers:item/crimson_hopper"},{"predicate":{"custom_model_data":8.0},"model":"woodenhoppers:item/warped_hopper"},{"predicate":{"custom_model_data":9.0},"model":"glassential:item/glass_dark"},{"predicate":{"custom_model_data":10.0},"model":"glassential:item/glass_dark_ethereal"},{"predicate":{"custom_model_data":11.0},"model":"glassential:item/glass_dark_ethereal_reverse"},{"predicate":{"custom_model_data":12.0},"model":"glassential:item/glass_ethereal"},{"predicate":{"custom_model_data":13.0},"model":"glassential:item/glass_ethereal_reverse"},{"predicate":{"custom_model_data":14.0},"model":"glassential:item/glass_ghostly"},{"predicate":{"custom_model_data":15.0},"model":"glassential:item/glass_light"},{"predicate":{"custom_model_data":16.0},"model":"glassential:item/glass_redstone"}]}